<?xml version="1.0"?><!-- 06.01.12 - NE - Start as FIMI Mapper resource file. -->
<!-- 02.23.12 - NE - Created. -->
<!--
*************************
 ENGLISH RESOURCES
************************* 
 -->
<resources>
  <!-- Settings -->
  
  <!--  URLs -->
  <resourceBundle name="urls">
	 <resource name="fimiSitesUrl" value="http://wim.usgs.gov/ArcGIS/rest/services/FIMIMapper/fimi_sites/MapServer/0"/><resource
	 	name="floodExtentsUrl" value="http://wim.usgs.gov/ArcGIS/rest/services/FIMIMapper/fimi_flood_extents/MapServer/0">
</resource>
  	<resource name="breachUrl" value="http://wim.usgs.gov/ArcGIS/rest/services/FIMIMapper/fimi_breach/MapServer/0"></resource>
  	<resource name="floodExtentsMultiUrl" value="http://wim.usgs.gov/ArcGIS/rest/services/FIMIMapper/fimi_flood_extents_multi_sites/MapServer/0"></resource>
  	<resource name="floodExtentsMultiTableUrl" value="http://wim.usgs.gov/ArcGIS/rest/services/FIMIMapper/fimi_flood_extents_multi_sites/MapServer/1"></resource>
  	<resource name="floodBreachMultiUrl" value="http://wim.usgs.gov/ArcGIS/rest/services/FIMIMapper/fimi_breach_multi_sites/MapServer/0"></resource>
  	<resource name="gridsIdentifyUrl" value="http://wim.usgs.gov/ArcGIS/rest/services/FIMIMapper/fimi_grids_test/MapServer"></resource>
  </resourceBundle>
  <resourceBundle name="urls.nonWim">
  </resourceBundle>

  <!-- UI graphics -->
  <resourceBundle name="ui.graphics">
    <resource name="headerLogo" value="assets/images/usgsLogoSm.jpg" />
    <resource name="wimLogo" value="assets/images/wim_logo_sm_4c.gif" />    
  </resourceBundle>
  
  <!-- UI text -->
  <resourceBundle name="ui.text">
  	<!--  Application Titles -->
    <resource name="mainTitle" value="Template Mapper"/>
    <resource name="subTitle" value="Beta Version"></resource>
    <!-- Component Text -->
    <resource name="geocodeSearchButtonText" value="Find Location"/>
    <resource name="geocodeSearchHintText" value="Type Address, Landmark, etc..." />
  </resourceBundle>
</resources>